Dataset,Method,Std_F1,Std_AP,Std_Gmean
Breast Cancer Wisconsin,adaboost,0.0103,0.0157,0.0082
Breast Cancer Wisconsin,adasyn,0.0102,0.0151,0.0087
Breast Cancer Wisconsin,borderlinesmote,0.0096,0.0153,0.0075
Breast Cancer Wisconsin,rusboost,0.0064,0.0099,0.0051
Breast Cancer Wisconsin,smoteenn,0.0101,0.0149,0.0083
Breast Cancer Wisconsin,smotetomek,0.0133,0.019,0.0109
CarGood,adaboost,0.0108,0.0196,0.0082
CarGood,adasyn,0.0367,0.0572,0.0247
CarGood,borderlinesmote,0.0369,0.0588,0.0246
CarGood,rusboost,0.0238,0.0339,0.0062
CarGood,smoteenn,0.0349,0.049,0.0201
CarGood,smotetomek,0.0276,0.0443,0.0189
CarvGood,adaboost,0.0185,0.0325,0.0129
CarvGood,adasyn,0.0138,0.0252,0.01
CarvGood,borderlinesmote,0.0191,0.0336,0.0132
CarvGood,rusboost,0.0168,0.0266,0.0009
CarvGood,smoteenn,0.0267,0.0476,0.0149
CarvGood,smotetomek,0.023,0.0406,0.0142
default of credit card clients,adaboost,0.0038,0.002,0.0034
default of credit card clients,adasyn,0.0041,0.0023,0.0037
default of credit card clients,borderlinesmote,0.0044,0.0026,0.0035
default of credit card clients,HUE,0.0013,0.0008,0.0025
default of credit card clients,smoteenn,0.003,0.0019,0.0027
default of credit card clients,smotetomek,0.0038,0.0023,0.0031
Diabetes,adaboost,0.0073,0.0129,0.0054
Diabetes,adasyn,0.007,0.0118,0.0056
Diabetes,borderlinesmote,0.0091,0.0152,0.0072
Diabetes,rusboost,0.0062,0.0107,0.0047
Diabetes,smoteenn,0.013,0.0203,0.0111
Diabetes,smotetomek,0.0087,0.0135,0.0071
Epileptic Seizure Recognition,adaboost,0.0052,0.0075,0.0041
Epileptic Seizure Recognition,adasyn,0.0055,0.0074,0.0037
Epileptic Seizure Recognition,borderlinesmote,0.0044,0.0065,0.0026
Epileptic Seizure Recognition,smoteenn,0.0082,0.0116,0.0055
Epileptic Seizure Recognition,smotetomek,0.0045,0.0063,0.0032
Flare-F,adaboost,0.0498,0.0207,0.0969
Flare-F,adasyn,0.0354,0.0138,0.0645
Flare-F,borderlinesmote,0.052,0.022,0.089
Flare-F,rusboost,0.0112,0.0068,0.0139
Flare-F,smoteenn,0.0495,0.0346,0.0526
Flare-F,smotetomek,0.0442,0.0146,0.079
Glass,adaboost,0.1851,0.1687,0.2057
Glass,adasyn,0.0321,0.0477,0.0183
Glass,borderlinesmote,0.0333,0.0502,0.0143
Glass,rusboost,0.0346,0.0512,0.0178
Glass,smoteenn,0.0288,0.0444,0.0175
Glass,smotetomek,0.0329,0.036,0.0266
ILPD,adaboost,0.0358,0.0178,0.0306
ILPD,adasyn,0.0267,0.0169,0.0226
ILPD,borderlinesmote,0.029,0.0147,0.0253
ILPD,rusboost,0.0217,0.0125,0.0185
ILPD,smoteenn,0.0231,0.0165,0.0206
ILPD,smotetomek,0.0226,0.0124,0.0193
Seed,adaboost,0.0263,0.0367,0.0197
Seed,adasyn,0.0167,0.0253,0.0126
Seed,borderlinesmote,0.015,0.0237,0.0109
Seed,rusboost,0.0093,0.0159,0.0064
Seed,smoteenn,0.0185,0.0288,0.0135
Seed,smotetomek,0.0154,0.0218,0.0126
Sonar,adaboost,0.0207,0.0212,0.0194
Sonar,borderlinesmote,0.0342,0.0244,0.0288
Sonar,rusboost,0.0256,0.0241,0.0224
Sonar,smoteenn,0.024,0.0226,0.0208
Sonar,smotetomek,0.0273,0.0186,0.0215
Student_dropout,adaboost,0.0142,0.0072,0.0134
Student_dropout,adasyn,0.0093,0.0049,0.0089
Student_dropout,borderlinesmote,0.0131,0.0073,0.0114
Student_dropout,smoteenn,0.0114,0.0069,0.0106
Student_dropout,smotetomek,0.0109,0.0059,0.01
Wine,adaboost,0.0275,0.0394,0.0216
Wine,adasyn,0.0207,0.031,0.0157
Wine,borderlinesmote,0.023,0.0333,0.0199
Wine,rusboost,0.0167,0.0273,0.0115
Wine,smoteenn,0.0268,0.0375,0.0202
Wine,smotetomek,0.0166,0.0223,0.0136
Yeast5-ERL,adaboost,0.3557,0.3405,0.3891
Yeast5-ERL,borderlinesmote,0.3082,0.2943,0.3381
Yeast5-ERL,rusboost,0.1535,0.1741,0.0428
Yeast5-ERL,smoteenn,0.2594,0.2464,0.2937
Yeast5-ERL,smotetomek,0.301,0.2882,0.3279
Yeast5,adaboost,0.0424,0.0472,0.0335
Yeast5,adasyn,0.0395,0.0546,0.0334
Yeast5,borderlinesmote,0.052,0.0669,0.0404
Yeast5,rusboost,0.0202,0.0244,0.0072
Yeast5,smoteenn,0.0298,0.0419,0.0247
Yeast5,smotetomek,0.0599,0.0736,0.0383
Dataset,Method,Std_F1,Std_AP,Std_Gmean
Breast Cancer Wisconsin,HUE,0.0106,0.0175,0.0082
CarGood,HUE,0.0133,0.0134,0.002
CarvGood,HUE,0.007,0.0101,0.0004
default of credit card clients,HUE,0.0022,0.0017,0.002
Diabetes,HUE,0.0078,0.0136,0.0058
Epileptic Seizure Recognition,HUE,0.0111,0.0131,0.0064
Flare-F,HUE,0.0131,0.01,0.0225
Glass,HUE,0.0212,0.0289,0.0075
ILPD,HUE,0.023,0.0176,0.0211
Seed,HUE,0.0102,0.0175,0.0066
Sonar,HUE,0.0246,0.0275,0.0278
Student_dropout,HUE,0.0079,0.0065,0.0074
Wine,HUE,0.0136,0.0218,0.0086
Yeast5-ERL,HUE,0.0656,0.0687,0.0024
Yeast5,HUE,0.0106,0.0123,0.0053
